iter	MSLE	RMSE
0	1.025407183	34.44400042
1	0.9613124216	33.33608532
2	0.9033438865	32.307016
3	0.8547960918	31.36103245
4	0.8083175478	30.48084683
5	0.7635899078	29.54459822
6	0.7237997242	28.74915525
7	0.6881299205	27.9775663
8	0.6561410639	27.28641979
9	0.6243164812	26.64577989
10	0.5982913389	26.05188944
11	0.5700038691	25.40366498
12	0.5426523165	24.83489678
13	0.5169690853	24.24840479
14	0.4982918775	23.7737191
15	0.4774912709	23.31305452
16	0.4622087936	22.90932889
17	0.4505754216	22.53132919
18	0.4343233648	22.10531345
19	0.4215575832	21.75567127
20	0.406122607	21.43614421
21	0.3929686301	21.12704779
22	0.386675017	20.82214185
23	0.3742000292	20.54001727
24	0.3648354385	20.26612138
25	0.3561248489	20.03140026
26	0.3462812864	19.75062182
27	0.3370235196	19.49517932
28	0.3289642369	19.28383851
29	0.3248714425	19.11559727
30	0.3217294623	18.94394367
31	0.3173916286	18.76025733
32	0.3139217126	18.60173043
33	0.305622161	18.39224574
34	0.2991969162	18.22555957
35	0.2977188929	18.08438122
36	0.2945477707	17.96253948
37	0.293287858	17.83159237
38	0.2914934767	17.71327882
39	0.2887769504	17.61578076
40	0.2848450488	17.46669339
41	0.2826099125	17.35145461
42	0.2814796488	17.24745021
43	0.2789665559	17.16527601
44	0.2774535569	17.10559598
45	0.2762900975	17.03363353
46	0.2746277889	16.93900601
47	0.2709746849	16.84219681
48	0.2685432308	16.71585703
49	0.2673222534	16.6538576
50	0.265830156	16.59135195
51	0.2600358059	16.44559298
52	0.2560671297	16.33896707
53	0.254720708	16.27653501
54	0.2495504188	16.13793447
55	0.2493415682	16.0733687
56	0.2452642636	15.94881147
57	0.2437134508	15.8710486
58	0.2409465881	15.78780246
59	0.2389866504	15.71181822
60	0.2382996415	15.66109392
61	0.2373345068	15.59450905
62	0.236207109	15.52825077
63	0.2322593825	15.43552429
64	0.2317386322	15.38726171
65	0.2321751113	15.35650462
66	0.2322042713	15.30394679
67	0.2318584619	15.27096071
68	0.2300910298	15.20449977
69	0.230527656	15.17729879
70	0.2309166661	15.1526124
71	0.2276910555	15.06637761
72	0.2279100642	15.04119424
73	0.2270598557	14.97880125
74	0.2269748116	14.95145366
75	0.2257483237	14.88744962
76	0.2245533487	14.83427198
77	0.2240113614	14.7982757
78	0.2206928655	14.72810603
79	0.2208744767	14.70127216
80	0.2210310535	14.68150279
81	0.2212236505	14.66286022
82	0.220933134	14.63946424
83	0.2197355515	14.59052297
84	0.2199178888	14.56721598
85	0.2201683799	14.54576474
86	0.2185759661	14.49760669
87	0.2176904657	14.46215408
88	0.2166621476	14.41074812
89	0.2158236078	14.37833952
90	0.2158697069	14.36505895
91	0.2136557481	14.31729223
92	0.2139092441	14.30095767
93	0.2141724844	14.28213255
94	0.214407594	14.2641412
95	0.2146182322	14.24945181
96	0.2148248731	14.2349849
97	0.2152292772	14.21808876
98	0.215077923	14.20029962
99	0.2151477013	14.18767662
100	0.2155698211	14.1824033
101	0.2161294789	14.17803628
102	0.2164393359	14.1685395
103	0.2164877153	14.15885058
104	0.2162754518	14.14524045
105	0.2165485342	14.13662897
106	0.21661717	14.12556696
107	0.2168474901	14.11593982
108	0.2170938401	14.11000139
109	0.2174918915	14.10390157
110	0.2178025776	14.09957414
111	0.2179318427	14.09065264
112	0.2182729295	14.0865226
113	0.2185902127	14.08244441
114	0.2189224859	14.07865398
115	0.2191837441	14.07293526
116	0.2192656842	14.06507401
117	0.2194677349	14.05881822
118	0.2196637054	14.05519906
119	0.2197548307	14.0473583
120	0.2199674802	14.04179055
121	0.2201017747	14.0371493
122	0.2202059517	14.03051227
123	0.2203757226	14.02511185
124	0.2204784824	14.01812777
125	0.2206260335	14.01268942
126	0.2208096116	14.00925483
127	0.2208728262	14.00266286
128	0.2210179665	13.99755436
129	0.2211680077	13.99419042
130	0.2212040743	13.98769383
131	0.2212426211	13.9812278
132	0.2213353839	13.976177
133	0.2214589416	13.97125448
134	0.2215396545	13.96787454
135	0.2216183551	13.96452246
136	0.2216536869	13.96041461
137	0.2217567354	13.95721161
138	0.2217493729	13.95104215
139	0.2216965576	13.9467773
140	0.2217707233	13.94338816
141	0.2218677445	13.94023596
142	0.2219184839	13.93699381
143	0.2218398678	13.93278002
144	0.2219294941	13.92813848
145	0.2220090611	13.92507049
146	0.2219388084	13.92197282
147	0.2219456262	13.91874498
148	0.2219419431	13.91467164
149	0.2218750419	13.91168487
150	0.2218151005	13.90766496
151	0.2218544984	13.90453234
152	0.221924382	13.90004351
153	0.2219793132	13.89558164
154	0.2219113686	13.89255496
155	0.2218964739	13.88860019
156	0.2218733258	13.88474426
157	0.2219255132	13.88033471
158	0.2220027391	13.87730223
159	0.222053279	13.87430092
160	0.2220287269	13.87148592
161	0.2220629049	13.8684614
162	0.2220966449	13.86647684
163	0.2221384262	13.8621869
164	0.2221073637	13.85933573
165	0.2220786092	13.85550121
166	0.2221036783	13.85350802
167	0.2220272926	13.85061233
168	0.2220193267	13.84754647
169	0.2220513262	13.84565768
170	0.2220827533	13.84143198
171	0.222051926	13.8386403
172	0.2220234195	13.83585996
173	0.2220385419	13.83302715
174	0.2220793742	13.8289035
175	0.2220053462	13.82608638
176	0.2220415771	13.82413145
177	0.2219692465	13.82039945
178	0.2219441968	13.8168397
179	0.2218808643	13.81408297
180	0.2218909837	13.81156022
181	0.2219214879	13.80879988
182	0.2218583517	13.80610096
183	0.2218551149	13.80355729
184	0.2218883083	13.80116207
185	0.2218288034	13.79736713
186	0.2218576654	13.79471137
187	0.2217882429	13.79203954
188	0.2218683013	13.78796636
189	0.2219416945	13.78337035
190	0.2219650681	13.78159868
191	0.2219306912	13.77897412
192	0.2218988933	13.7764139
193	0.2218695242	13.77380972
194	0.2219429161	13.76983301
195	0.2219066611	13.76722121
196	0.2219381554	13.76490687
197	0.2218781621	13.76123761
198	0.2219141798	13.75917737
199	0.2218560331	13.75553514
200	0.2218719818	13.7536304
201	0.2218417596	13.7511359
202	0.221844309	13.74936017
203	0.221877644	13.74784845
204	0.2218941195	13.74611955
205	0.2219143341	13.74181549
206	0.221920201	13.74007647
207	0.2219483655	13.73822325
208	0.2219142392	13.73576558
209	0.2219270317	13.73151013
210	0.2219434361	13.72728608
211	0.2219716505	13.72488687
212	0.2219924665	13.72309823
213	0.2220065676	13.71892019
214	0.2220296559	13.71697316
215	0.2220513027	13.71461437
216	0.222004995	13.71235571
217	0.2219668328	13.70925664
218	0.2219482325	13.70504092
219	0.2219994801	13.70336047
220	0.2220001265	13.70170549
221	0.221668242	13.68835145
222	0.2216817183	13.68592953
223	0.2216942017	13.68428653
224	0.2217345042	13.68262842
225	0.2186241418	13.62978244
226	0.2186256432	13.62673079
227	0.2186292462	13.62358042
228	0.2186303225	13.62055035
229	0.2186347452	13.61742692
230	0.2179059428	13.59554764
231	0.2179103948	13.592195
232	0.2179744744	13.58975583
233	0.2180346215	13.58680379
234	0.2180616862	13.58270323
235	0.2177662449	13.57500394
236	0.2178346229	13.57206428
237	0.2175693164	13.5643847
238	0.2176145096	13.56078967
239	0.2176613704	13.55722545
240	0.216149572	13.51329179
241	0.2159910521	13.50543783
242	0.2157939918	13.49723727
243	0.2152184623	13.47660247
244	0.2146866227	13.45655979
245	0.2138525176	13.42725899
246	0.2137146181	13.4186471
247	0.213650744	13.41280455
248	0.2123976435	13.37586726
249	0.2119866472	13.35250541
250	0.2116150837	13.33401673
251	0.2093010989	13.28907912
252	0.2092466908	13.28410587
253	0.2089344889	13.26628184
254	0.2088948328	13.26042583
255	0.2086571178	13.24359757
256	0.2086020092	13.23963639
257	0.2085564973	13.23449399
258	0.2082919194	13.21753599
259	0.2083435541	13.21402375
260	0.2083071399	13.21033071
261	0.2083472498	13.20657138
262	0.2083101948	13.20290831
263	0.20806247	13.18643315
264	0.2080283221	13.18088459
265	0.2079965089	13.17592875
266	0.2079676805	13.1703347
267	0.2079475399	13.16676937
268	0.207921757	13.16282381
269	0.2077006121	13.14685481
270	0.2077581771	13.14291526
271	0.2077431248	13.13941209
272	0.2077290231	13.1359255
273	0.2077662322	13.13172489
274	0.2077390659	13.1263886
275	0.2070203286	13.09962529
276	0.2048727636	13.05592112
277	0.2048771673	13.05179029
278	0.2047404444	13.04529766
279	0.2047519509	13.0419326
280	0.2045824167	13.03140957
281	0.204595757	13.02772423
282	0.2046075405	13.02287872
283	0.2046180917	13.01782243
284	0.2036352487	12.97802979
285	0.2033893778	12.95395708
286	0.202681939	12.92423416
287	0.2026312066	12.91532702
288	0.2025893784	12.90490056
289	0.2023915892	12.88258338
290	0.2023557923	12.87239736
291	0.2022629818	12.86274664
292	0.2016451084	12.83485531
293	0.2016080032	12.82625366
294	0.2016793033	12.82152129
295	0.2016196861	12.81158516
296	0.2015719976	12.80137595
297	0.2015639887	12.79162857
298	0.2016390536	12.7874431
299	0.2011124887	12.76269877
300	0.2011938778	12.75855389
301	0.2011637843	12.75079025
302	0.2007553177	12.7303364
303	0.2007859934	12.71936769
304	0.2007926958	12.71006326
305	0.2007563378	12.70048857
306	0.2007319095	12.69281479
307	0.2007766395	12.68629499
308	0.2007502473	12.67903668
309	0.2001947398	12.65874195
310	0.1985681184	12.62242589
311	0.1987612685	12.61709129
312	0.1987065119	12.60172709
313	0.1987644504	12.59861093
314	0.1987681314	12.5839715
315	0.198956522	12.58083237
316	0.1991253537	12.57801704
317	0.1992932047	12.57404786
318	0.1994348596	12.57044656
319	0.1993980219	12.55638561
320	0.1995257168	12.55366324
321	0.1996603033	12.55136525
322	0.1997786047	12.54791318
323	0.1998942487	12.54452281
324	0.2000052819	12.54201383
325	0.2001166177	12.53934261
326	0.2002215813	12.53665367
327	0.2003112049	12.53441394
328	0.2004026795	12.53213423
329	0.2004747245	12.52898309
330	0.2005682301	12.52722728
331	0.2006393879	12.52548469
332	0.2006988742	12.52329494
333	0.2007541306	12.52111743
334	0.2008323836	12.51893949
335	0.200898681	12.51723166
336	0.2009393918	12.51540204
337	0.2009848103	12.51322602
338	0.2010190729	12.51108917
339	0.2010624912	12.50861153
340	0.2011067466	12.50569898
341	0.2011617802	12.50328397
342	0.2011970826	12.50087024
343	0.2012247253	12.49846541
344	0.2012554946	12.49677845
345	0.201310786	12.49521198
346	0.2013202099	12.49359005
347	0.2013693654	12.49204346
348	0.2014410182	12.49038049
349	0.2014747159	12.48813726
350	0.2015276022	12.48648972
351	0.2015360339	12.48425047
352	0.2015454845	12.48212267
353	0.2015542775	12.48000543
354	0.2015544728	12.47772229
355	0.2015877369	12.47620846
356	0.2015966585	12.47398577
357	0.2016045659	12.47175044
358	0.201631686	12.47015058
359	0.2016384675	12.46794863
360	0.2016443985	12.46573418
361	0.2016763406	12.46363161
362	0.201712349	12.46217725
363	0.2017345842	12.46066748
364	0.2017787935	12.45922703
365	0.2018026534	12.45772675
366	0.2018238873	12.45568853
367	0.2018430851	12.45492171
368	0.2018225803	12.45343164
369	0.2018066119	12.45127395
370	0.2018495508	12.44979875
371	0.2018421629	12.44742554
372	0.2018290324	12.44599294
373	0.201815096	12.44458766
374	0.2018316493	12.44260909
375	0.2018215813	12.44119626
376	0.2018380195	12.4398612
377	0.2018259102	12.43752604
378	0.2018422005	12.43615376
379	0.2018558662	12.43542087
380	0.2018710971	12.43428347
381	0.2018562381	12.43217758
382	0.2018915473	12.4310222
383	0.2019045203	12.42962463
384	0.2019209109	12.42854121
385	0.2019615713	12.42654845
386	0.2020058226	12.424587
387	0.2020142724	12.42283283
388	0.2020215411	12.42147119
389	0.2020012238	12.41920503
390	0.2020102984	12.41790166
391	0.2019907755	12.41564968
392	0.202011721	12.41432049
393	0.2020314606	12.41306521
394	0.2020394517	12.41124972
395	0.2020731501	12.40936289
396	0.2020733938	12.40778393
397	0.2020835383	12.40654698
398	0.2020591254	12.40454557
399	0.202038495	12.40234424
400	0.202049972	12.40166581
401	0.2020578047	12.40042793
402	0.2020796068	12.39977133
403	0.202088674	12.39871444
404	0.2020452852	12.39675108
405	0.2020337566	12.39549814
406	0.2020197774	12.39427096
407	0.2020385294	12.39362621
408	0.2020586593	12.39293021
409	0.2020297492	12.39170631
410	0.2020354034	12.39047447
411	0.2020571864	12.38929667
412	0.2020250471	12.38804584
413	0.202007161	12.38684136
414	0.2020092694	12.38566582
415	0.2020122904	12.38399837
416	0.2020276302	12.38336106
417	0.2016254257	12.36375091
418	0.2016093081	12.36181459
419	0.2015942764	12.35989554
420	0.2015804593	12.35779394
421	0.2015740385	12.35662949
422	0.2011931235	12.34660008
423	0.2011902337	12.34451468
424	0.2012128221	12.34339615
425	0.2012083892	12.34132345
426	0.2012040096	12.33942843
427	0.201199851	12.33754031
428	0.2009665673	12.31931746
429	0.2009762506	12.31818976
430	0.200988038	12.31687211
431	0.2009836254	12.31483237
432	0.2009726829	12.31369464
433	0.2009894208	12.31213892
434	0.2009827719	12.31028294
435	0.2009767035	12.30826777
436	0.2010079083	12.30766369
437	0.2009996614	12.30582244
438	0.1992335429	12.27110614
439	0.1992411225	12.26910769
440	0.1990429239	12.25258504
441	0.1990683937	12.25149697
442	0.1990965494	12.25038146
443	0.1990984315	12.24929787
444	0.1989848766	12.2376372
445	0.1990192667	12.23654904
446	0.1990214662	12.23474745
447	0.1990477365	12.23371343
448	0.1990578428	12.23266584
449	0.1988673641	12.21680115
450	0.1988704469	12.21576707
451	0.1988629599	12.2139712
452	0.1986986321	12.20333601
453	0.1986586402	12.20136198
454	0.1986973059	12.20033114
455	0.1987035087	12.19841326
456	0.1987312185	12.19699322
457	0.1987443025	12.19595301
458	0.1987489389	12.19421797
459	0.1987607908	12.19323529
460	0.198787023	12.19227404
461	0.1987863381	12.19038762
462	0.198785618	12.18850823
463	0.1987846632	12.18678239
464	0.1986131422	12.18222162
465	0.1986243886	12.18052434
466	0.1986346836	12.17883324
467	0.1986422108	12.17698441
468	0.1986864556	12.17602926
469	0.1987027278	12.17504391
470	0.1987060448	12.17321035
471	0.1987208	12.17223469
472	0.198751024	12.17130839
473	0.1987976425	12.16995011
474	0.1988215194	12.16903175
475	0.1988408047	12.16773103
476	0.1988331946	12.16627189
477	0.1986584438	12.16186072
478	0.1986644991	12.16021047
479	0.1984241378	12.14931591
480	0.1984430643	12.1479549
481	0.1982511944	12.14235593
482	0.1982664572	12.14070771
483	0.1982733781	12.13887568
484	0.1981030125	12.13485385
485	0.1981246713	12.13351426
486	0.1981560501	12.1321518
487	0.1981819963	12.13087257
488	0.1979897392	12.12650524
489	0.1980265667	12.1251968
490	0.198059796	12.12386709
491	0.1978653322	12.11132422
492	0.1977463721	12.10724468
493	0.1975664131	12.09619306
494	0.1975982559	12.09483102
495	0.1974958473	12.09085911
496	0.1975501026	12.08955248
497	0.197583352	12.08822973
498	0.1974479638	12.08368302
499	0.1972790032	12.07287792
500	0.1973393297	12.07123604
501	0.1969610545	12.05203748
502	0.197017689	12.05048432
503	0.1955311086	12.01905293
504	0.1955914085	12.0176883
505	0.1956598777	12.01603592
506	0.195723378	12.0143962
507	0.1957822616	12.01276875
508	0.1958261252	12.01124658
509	0.195870543	12.0095392
510	0.1959010395	12.00785827
511	0.1959358023	12.00635565
512	0.1957771902	11.99610404
513	0.1958233863	11.99494559
514	0.1956748938	11.98428809
515	0.1957164198	11.98280339
516	0.1957599203	11.98165671
517	0.1957934464	11.98036063
518	0.1958412005	11.97884605
519	0.1958796849	11.97769742
520	0.1959193115	11.97665135
521	0.1959532148	11.97552201
522	0.1960052277	11.97476204
523	0.19603764	11.97392741
524	0.1960680486	11.97309883
525	0.1960861367	11.97164816
526	0.1957964591	11.96565397
527	0.1958249117	11.96423945
528	0.1956833758	11.95318434
529	0.1955492144	11.9490099
530	0.1954898415	11.94358135
531	0.195530779	11.94249441
532	0.1955697019	11.94145385
533	0.1956101828	11.94076117
534	0.1955669213	11.9357051
535	0.1954274344	11.93160956
536	0.1954558521	11.93021555
537	0.19549392	11.92922581
538	0.1955258919	11.92818245
539	0.195546583	11.92680204
540	0.1954108177	11.91748686
541	0.1952796925	11.91350331
542	0.1953113027	11.91213923
543	0.195354212	11.91080447
544	0.1954073703	11.90983859
545	0.1954431992	11.90851396
546	0.1954625735	11.90716995
547	0.1954836486	11.90567401
548	0.195509663	11.90497882
549	0.1955339284	11.90367383
550	0.1954155539	11.89353256
551	0.1954643109	11.89289889
552	0.1953147571	11.88899706
553	0.1950448257	11.87394313
554	0.1950750833	11.87262625
555	0.1951109888	11.87167411
556	0.1951449991	11.87083956
557	0.1951712914	11.87015686
558	0.1951868317	11.8687147
559	0.1938710598	11.84029488
560	0.1939232416	11.83964664
561	0.193953673	11.83896299
562	0.193975151	11.83804749
563	0.1939980463	11.83736229
564	0.1938968907	11.82773704
565	0.1939243389	11.82682909
566	0.1939619847	11.82620622
567	0.1940029512	11.8255872
568	0.1940436288	11.82497646
569	0.1940604609	11.82373524
570	0.1940803157	11.82250054
571	0.1940986072	11.82127063
572	0.1941138001	11.82003295
573	0.1941251211	11.81881024
574	0.1941236025	11.81742861
575	0.1941380947	11.81621386
576	0.1935955438	11.79027993
577	0.1936028752	11.7885003
578	0.193643127	11.78791576
579	0.1936757341	11.78730502
580	0.1936352051	11.78066263
581	0.1934230207	11.77165928
582	0.1934475683	11.77046665
583	0.1934645734	11.76911826
584	0.1934080498	11.76443237
585	0.1934482506	11.76385637
586	0.193471591	11.76322718
587	0.1934883947	11.76205226
588	0.1935199033	11.76149608
589	0.1933096553	11.74629049
590	0.1932642324	11.7423411
591	0.1932246295	11.73850551
592	0.1932458742	11.73734521
593	0.1932545345	11.73615975
594	0.191985019	11.70796548
595	0.1920055723	11.7068137
596	0.1920286348	11.70566819
597	0.1920382153	11.70449631
598	0.1920052705	11.70080246
599	0.1920248721	11.69966816
600	0.1920429385	11.69853824
601	0.1920123739	11.69494768
602	0.1919867059	11.69144918
603	0.1920270669	11.69096777
604	0.19206371	11.69049119
605	0.1920383991	11.68707896
606	0.1909309301	11.64650967
607	0.190917205	11.64322349
608	0.1909516481	11.64266791
609	0.1909705437	11.64155925
610	0.1909573229	11.6383511
611	0.1908344179	11.62433101
612	0.1907085335	11.62203519
613	0.190727622	11.62078864
614	0.1907268326	11.61769393
615	0.1905962169	11.6090314
616	0.1906362814	11.6085016
617	0.1906627841	11.6077677
618	0.1896661533	11.57000563
619	0.1897017906	11.56925009
620	0.1897551974	11.56876399
621	0.1897810086	11.56766125
622	0.1898051755	11.56658118
623	0.1898411938	11.56604445
624	0.1897142623	11.55763727
625	0.1897403017	11.55656439
626	0.189619717	11.54835806
627	0.1896419021	11.54727056
628	0.1896503218	11.54433085
629	0.1894948518	11.54058583
630	0.1891071974	11.5205317
631	0.1891384381	11.5193365
632	0.189172623	11.51830491
633	0.1892086685	11.51724281
634	0.1892466837	11.51670161
635	0.1892828289	11.51621041
636	0.1892942326	11.51338079
637	0.1893077322	11.51060814
638	0.1893406273	11.51012137
639	0.1893538115	11.50740479
640	0.1893692011	11.50473977
641	0.1884661664	11.46979323
642	0.1884872527	11.46863324
643	0.1884461776	11.46553312
644	0.1884768675	11.46450655
645	0.1885072609	11.46397565
646	0.1885518632	11.46353805
647	0.188568957	11.46249703
648	0.1885845847	11.45994634
649	0.1885011641	11.4533871
650	0.1885288522	11.452726
651	0.187709195	11.4199441
652	0.1877348601	11.41747349
653	0.1877587727	11.41677851
654	0.1877906684	11.41577816
655	0.1878377978	11.41516112
656	0.1878652275	11.41446631
657	0.1877941594	11.40789853
658	0.1878105205	11.40719686
659	0.1877154939	11.39473596
660	0.187756375	11.39432493
661	0.1876896786	11.39085199
662	0.187728276	11.3904155
663	0.1876289852	11.37774499
664	0.187667293	11.37732765
665	0.1877079992	11.37691865
666	0.1877266013	11.37593988
667	0.1877593303	11.37554297
668	0.1877880838	11.37513452
669	0.1878059705	11.37475058
670	0.1878278465	11.37435319
671	0.1878472348	11.37391612
672	0.1878578782	11.37282887
673	0.1878625848	11.37235252
674	0.1877429532	11.36501908
675	0.1877688028	11.36459482
676	0.1871459585	11.33843617
677	0.1871748368	11.33797676
678	0.1872016737	11.33759063
679	0.1871280282	11.3317361
680	0.1871432797	11.33078595
681	0.1871067147	11.32763275
682	0.1869424634	11.3130816
683	0.1869709416	11.31267444
684	0.1868948225	11.30691608
685	0.1869297685	11.30650086
686	0.1869435668	11.30554421
687	0.1868683769	11.29989914
688	0.1868865402	11.299308
689	0.1868782735	11.2949103
690	0.1869156226	11.29448919
691	0.1869283725	11.29381473
692	0.1869352769	11.29312809
693	0.1868584672	11.28760346
694	0.1867709519	11.27620417
695	0.1867992774	11.27585269
696	0.1865249769	11.26074345
697	0.1865502327	11.26018635
698	0.1865688608	11.25916919
699	0.1865888344	11.25815193
700	0.1866052959	11.25722028
701	0.1866169439	11.25621254
702	0.1856783925	11.23164275
703	0.1857096165	11.22950197
704	0.1857418879	11.22739836
705	0.1857702832	11.2265022
706	0.1857929526	11.22560803
707	0.1856132694	11.20896217
708	0.1856276073	11.20809999
709	0.1856479955	11.20721575
710	0.1847952564	11.18498995
711	0.1848203515	11.18458946
712	0.1848527976	11.18425653
713	0.1848271175	11.18140746
714	0.184849868	11.18053382
715	0.1848674199	11.17966172
716	0.1846994639	11.16368995
717	0.1847260307	11.16333831
718	0.1840030758	11.14616574
719	0.1840258308	11.14583586
720	0.1840497764	11.14497608
721	0.1840647783	11.1446141
722	0.1840897254	11.14398846
723	0.1841136098	11.14341701
724	0.1841204168	11.14292481
725	0.1841457385	11.14255205
726	0.1841687885	11.14056514
727	0.1841782826	11.13971776
728	0.1842172157	11.13927163
729	0.1842408027	11.13896464
730	0.1842510606	11.1384522
731	0.1842573267	11.13783721
732	0.1842562351	11.137254
733	0.18398047	11.12338844
734	0.1840002264	11.12308788
735	0.1840101791	11.1227821
736	0.1840125605	11.12186183
737	0.1840369889	11.12156278
738	0.1840409891	11.12073399
739	0.1839763329	11.11682903
740	0.1839969405	11.11647624
741	0.184014169	11.1161846
742	0.1836560205	11.09436967
743	0.1836761976	11.09407977
744	0.1836745786	11.09317559
745	0.1836937342	11.09281651
746	0.1837156869	11.09253089
747	0.1836207609	11.08568844
748	0.1835351889	11.08048004
749	0.1835624198	11.08030408
750	0.1835877541	11.08012919
751	0.1836001812	11.07932087
752	0.1829747114	11.05294589
753	0.1829909152	11.05262432
754	0.1830208131	11.05234077
755	0.1830296036	11.05151136
756	0.1830580836	11.05123321
757	0.1829376767	11.04440673
758	0.1829667027	11.04413005
759	0.1829770807	11.04383144
760	0.1830101187	11.0435543
761	0.1818851183	11.01852026
762	0.1818978579	11.01821007
763	0.1819112305	11.01736172
764	0.1817095817	11.00477196
765	0.1817260073	11.00398538
766	0.1814551896	10.98645289
767	0.1814184992	10.98282392
768	0.1813387388	10.97979637
769	0.1813664848	10.9794793
770	0.1813854785	10.9786919
771	0.1813270417	10.97590398
772	0.1813443144	10.97516512
773	0.1813781608	10.97490635
774	0.1808283037	10.95740267
775	0.1807469313	10.94924992
776	0.1807659521	10.94847312
777	0.1807820504	10.94768679
778	0.1808170642	10.94739358
779	0.1808304988	10.94661854
780	0.1808468597	10.94585545
781	0.1808628488	10.94553572
782	0.1808928248	10.94528728
783	0.1803659921	10.92085661
784	0.180377571	10.92008784
785	0.1803927524	10.91977044
786	0.180357692	10.91458841
787	0.1803768453	10.91384348
788	0.1803921871	10.91322363
789	0.1804170084	10.91290868
790	0.1804486651	10.91266209
791	0.1804779788	10.91241767
792	0.1804896547	10.9117976
793	0.1804729795	10.90967934
794	0.1799118968	10.89439155
795	0.1799155751	10.89363495
796	0.1796952277	10.87771466
797	0.1796382847	10.87305373
798	0.1796641816	10.87279522
799	0.1796738599	10.87205702
800	0.179686573	10.87145438
801	0.1796367243	10.87016832
802	0.1796519264	10.86948995
803	0.1796646066	10.86894299
804	0.179675642	10.8686648
805	0.1796903665	10.86795001
806	0.1796575413	10.86460998
807	0.1796716322	10.86432835
808	0.1795703217	10.85695884
809	0.1793635643	10.84498861
810	0.1793353052	10.84315048
811	0.1792420074	10.83211284
812	0.1792276637	10.83009235
813	0.1791913183	10.82643217
814	0.1791753819	10.8257943
815	0.1791262796	10.82340512
816	0.1791621814	10.82318715
817	0.1791955031	10.82297127
818	0.179119691	10.81721647
819	0.1789179058	10.80817766
820	0.1787595744	10.79199266
821	0.1787827733	10.79129194
822	0.1783429415	10.77859293
823	0.1780851217	10.76708565
824	0.1781216239	10.76670378
825	0.1781531589	10.76612712
826	0.1776955632	10.75374208
827	0.1776425282	10.74470363
828	0.1776825253	10.74432845
829	0.1771530195	10.73142635
830	0.1770918916	10.72627334
831	0.1770434003	10.71754796
832	0.1768090846	10.70236204
833	0.1762280217	10.68029702
834	0.176093561	10.67257126
835	0.1759953839	10.66061752
836	0.1760416058	10.66030555
837	0.176031006	10.65784961
838	0.1755642426	10.6458783
839	0.1752710482	10.62544024
840	0.1753067342	10.62494514
841	0.175120448	10.6060545
842	0.1751335679	10.6047594
843	0.1751640893	10.60440842
844	0.1751921284	10.60406429
845	0.1752218496	10.60376618
846	0.1751578945	10.59143862
847	0.1750395353	10.58150555
848	0.1750708681	10.58115784
849	0.1748664546	10.56924363
850	0.1748906165	10.56899877
851	0.174919581	10.56880204
852	0.1749050623	10.56749735
853	0.1748901899	10.56631153
854	0.174908033	10.56612311
855	0.1749444183	10.5659014
856	0.1749506023	10.56102067
857	0.1749596463	10.55995935
858	0.1749809592	10.55974635
859	0.1749976195	10.55925165
860	0.1745270154	10.54811156
861	0.1745242023	10.54699023
862	0.1744783979	10.5449385
863	0.1744983826	10.54469055
864	0.1745273673	10.54448302
865	0.1745602963	10.54428963
866	0.1745789834	10.54330304
867	0.1741436355	10.53031989
868	0.1739926052	10.51601288
869	0.1740074786	10.51570413
870	0.1733942392	10.49890052
871	0.1733925916	10.4982706
872	0.1734244208	10.49793347
873	0.1734253009	10.49683728
874	0.1734051809	10.49602996
875	0.1734234715	10.49554943
876	0.1734153757	10.49462632
877	0.1734347106	10.49442754
878	0.1734138276	10.49238567
879	0.1733802341	10.49054907
880	0.1733630268	10.4897713
881	0.1733609718	10.48872594
882	0.1732484928	10.4811315
883	0.1732214402	10.47921572
884	0.1732442428	10.47900712
885	0.1732008419	10.47728304
886	0.1732169264	10.47586724
887	0.1730643908	10.4666991
888	0.1730859409	10.46622836
889	0.172234853	10.44251086
890	0.1721039476	10.43573593
891	0.1720727111	10.4343377
892	0.1720865056	10.43355867
893	0.1715192632	10.41940945
894	0.1715416457	10.41877565
895	0.1715693844	10.41774761
896	0.1715894284	10.41725901
897	0.1715954213	10.41652624
898	0.1716232284	10.41639051
899	0.1716058821	10.41430837
900	0.1715980037	10.41371743
901	0.1716046928	10.41344945
902	0.1714806121	10.40712126
903	0.1714888995	10.40576466
904	0.1714964909	10.40442183
905	0.1715144679	10.40396345
906	0.1714916661	10.39954783
907	0.1715066794	10.3990981
908	0.1714124552	10.38982705
909	0.1713713997	10.38822799
910	0.171398913	10.38805012
911	0.1714090947	10.38777388
912	0.171435945	10.38761884
913	0.1714643103	10.38729331
914	0.1714915042	10.38698026
915	0.1715013242	10.38629493
916	0.1714812213	10.38444762
917	0.1715063617	10.38421999
918	0.1714591619	10.38265393
919	0.1714588291	10.38240622
920	0.1714744217	10.38219758
921	0.1715008663	10.38206223
922	0.1714781766	10.38025701
923	0.1714900462	10.38013506
924	0.1715068702	10.37996562
925	0.1715172487	10.37984195
926	0.1714753025	10.3785459
927	0.1714765405	10.37819963
928	0.1714990182	10.37788305
929	0.1714935784	10.37772432
930	0.1715003447	10.37758768
931	0.1714131379	10.37209725
932	0.171433623	10.37179423
933	0.1714399259	10.37163675
934	0.1714571346	10.37141684
935	0.1714440703	10.37072083
936	0.1714637467	10.37043669
937	0.1713862136	10.36494277
938	0.1713617553	10.36318
939	0.1713628747	10.36291324
940	0.1713667215	10.36232429
941	0.1713827221	10.36212091
942	0.1714019106	10.36199385
943	0.171360025	10.36104786
944	0.1712555191	10.35421067
945	0.1707309996	10.34131029
946	0.1707518299	10.3410885
947	0.1707607105	10.34090182
948	0.1706667042	10.3316508
949	0.1706997746	10.33111714
950	0.1706148114	10.32531399
951	0.1706339636	10.32511828
952	0.1702852559	10.31529468
953	0.1702027201	10.30645221
954	0.1700862596	10.29694289
955	0.1700565867	10.29582087
956	0.1700653204	10.29499693
957	0.1700947262	10.29478592
958	0.1701208496	10.29443601
959	0.1701459296	10.29414935
960	0.1701632679	10.29401465
961	0.1701880922	10.29375922
962	0.1701897605	10.29355491
963	0.1692530212	10.26619485
964	0.1692383924	10.26557585
965	0.1692498483	10.26542559
966	0.1692665734	10.26522689
967	0.1692860915	10.26512731
968	0.169259579	10.26398921
969	0.1692738634	10.26381249
970	0.169294936	10.26350657
971	0.1692551994	10.26266698
972	0.1692645163	10.26251877
973	0.1692767506	10.26231082
974	0.1692322588	10.26107594
975	0.1692420117	10.26091066
976	0.1690911785	10.25297768
977	0.1686507119	10.24072134
978	0.1686179831	10.23973688
979	0.168539928	10.23490131
980	0.1685618705	10.23473001
981	0.1685230278	10.23382131
982	0.1675579683	10.20048808
983	0.1675740588	10.20025839
984	0.1675358595	10.19937809
985	0.167116202	10.18873755
986	0.1671316938	10.18837023
987	0.1669980861	10.17509829
988	0.1670084937	10.17469098
989	0.1670301558	10.17452781
990	0.1669930161	10.17367525
991	0.1670110625	10.17355257
992	0.1670212677	10.17320062
993	0.167039611	10.17304027
994	0.1670504314	10.1728815
995	0.1670729325	10.17267287
996	0.1670555871	10.17199532
997	0.1670740963	10.17178571
998	0.1670882065	10.17169795
999	0.167046369	10.17086535
1000	0.1670575573	10.17075595
1001	0.1670298942	10.1698831
1002	0.1669940428	10.16906193
1003	0.166987164	10.1687132
1004	0.1669981741	10.16844366
1005	0.1669541558	10.16766651
1006	0.1669688019	10.16740817
1007	0.1669789558	10.16721035
1008	0.1669920586	10.16712019
1009	0.1668458942	10.15972981
1010	0.1668564424	10.15963994
1011	0.1668674273	10.15938667
1012	0.1668827736	10.15911856
1013	0.1666185029	10.1488057
1014	0.1665132746	10.14071425
1015	0.1664756224	10.13616766
1016	0.1661195013	10.12071493
1017	0.1660079149	10.11369264
1018	0.1660228833	10.11357872
1019	0.1660337566	10.1134662
1020	0.1660527025	10.1133283
1021	0.1659468168	10.10653999
1022	0.1659673921	10.10633585
1023	0.1659347918	10.10538473
1024	0.1658146226	10.10052519
1025	0.165821933	10.1003172
1026	0.1657526388	10.09496509
1027	0.1657682853	10.09487079
1028	0.1657856635	10.09479005
1029	0.1658065941	10.09454365
1030	0.1658263651	10.09443537
1031	0.1658350701	10.09416107
1032	0.1658452899	10.09402908
1033	0.1658567671	10.0939452
1034	0.1658427807	10.0810734
1035	0.1658501128	10.08097847
1036	0.1658733944	10.08074574
1037	0.1658936898	10.08038811
1038	0.1656603757	10.06498618
1039	0.1656715187	10.06471695
1040	0.1656790347	10.06463695
1041	0.1656988953	10.06428372
1042	0.165698887	10.06364039
1043	0.1657029189	10.06354598
1044	0.1653299126	10.05556356
1045	0.1653335622	10.0554721
1046	0.1653372745	10.05538977
1047	0.1653349866	10.05518513
1048	0.1653384089	10.05509159
1049	0.1652968271	10.05091423
1050	0.1653076739	10.05072336
1051	0.1652990347	10.05027463
1052	0.1652969024	10.04954602
1053	0.1652985014	10.04883466
1054	0.1653123909	10.04874936
1055	0.1653190544	10.0486351
1056	0.1653265827	10.04854214
1057	0.1653312394	10.04841554
1058	0.1653317425	10.04769402
1059	0.1649070044	10.03358089
1060	0.1649213939	10.0333452
1061	0.1649318602	10.03327128
1062	0.1648775073	10.03239625
1063	0.1648852055	10.03227463
1064	0.1648968413	10.03220033
1065	0.1647897936	10.02580703
1066	0.1648029534	10.02555825
1067	0.1648141992	10.02536519
1068	0.1648140602	10.02516753
1069	0.1647735847	10.02116879
1070	0.1647820218	10.02108073
1071	0.1647503633	10.0203052
1072	0.1646702719	10.01342614
1073	0.1646746659	10.01319616
1074	0.1646797141	10.0129847
1075	0.1646915486	10.01279797
1076	0.1647025959	10.01271839
1077	0.1647157951	10.01256652
1078	0.1646885616	10.01177196
1079	0.1646371368	10.01069114
1080	0.164643628	10.01061275
1081	0.1644941807	10.00299805
1082	0.1644994543	10.00285184
1083	0.16444868	9.998407115
1084	0.1644675405	9.998163836
1085	0.1644747515	9.997973916
1086	0.1644425751	9.997474387
1087	0.1642610397	9.983355658
1088	0.1642213164	9.982868947
1089	0.1641758618	9.977337385
1090	0.1640571868	9.968109132
1091	0.1640767213	9.967960564
1092	0.1640959384	9.967720848
1093	0.1641033385	9.967593128
1094	0.1641134612	9.967508154
1095	0.1641103682	9.96736022
1096	0.1641235009	9.96721082
1097	0.1641032582	9.966453729
1098	0.1640946077	9.965363373
1099	0.1633184433	9.943642511
1100	0.1633264318	9.943474914
1101	0.1633425647	9.943328028
1102	0.1633274922	9.942872977
1103	0.1633420317	9.942620535
1104	0.163269959	9.938020782
1105	0.1632780434	9.937944752
1106	0.163282108	9.937773403
1107	0.1632932531	9.937702416
1108	0.163303902	9.937466508
1109	0.16331293	9.937348424
1110	0.1632188311	9.932751347
1111	0.1632034303	9.931847331
1112	0.1625885653	9.910146728
1113	0.1626001979	9.90999883
1114	0.1626065645	9.909923835
1115	0.1625341007	9.904695349
1116	0.1625470808	9.90455744
1117	0.1625470945	9.904460193
1118	0.1625596452	9.904290377
1119	0.1625036943	9.90009892
1120	0.1625049488	9.900014833
1121	0.1625113859	9.899941331
1122	0.1625192135	9.899864459
1123	0.1625228811	9.899782316
1124	0.1625324878	9.899603077
1125	0.1625347817	9.899428255
1126	0.162546634	9.899278019
1127	0.1623707553	9.896002688
1128	0.1623770435	9.895932562
1129	0.162346074	9.887870105
1130	0.1623543437	9.887693261
1131	0.1623552329	9.887612241
1132	0.1623063593	9.886830093
1133	0.1623217089	9.886644166
1134	0.162319314	9.886559037
1135	0.162317518	9.886474855
1136	0.1623318036	9.886364371
1137	0.1623318385	9.886291948
1138	0.1623391189	9.886214828
1139	0.1623476817	9.886049746
1140	0.1623558345	9.885824902
1141	0.162362186	9.88576847
1142	0.1623756397	9.885582991
1143	0.1623826726	9.885530732
1144	0.1623872665	9.885452422
1145	0.1623921639	9.885399923
1146	0.1623938153	9.885325873
1147	0.1623955464	9.885256127
1148	0.1624015924	9.88514221
1149	0.161998737	9.868832916
1150	0.162003234	9.86878152
1151	0.1620057228	9.868713458
1152	0.1619721908	9.866224931
1153	0.1619772746	9.866031454
1154	0.1619734411	9.865953822
1155	0.1619319308	9.865511788
1156	0.1619365895	9.865444698
1157	0.1617081295	9.858946367
1158	0.1617138792	9.85889866
1159	0.1617012237	9.858772091
1160	0.1617042563	9.858710665
1161	0.1616784985	9.857937449
1162	0.1616529081	9.857266098
1163	0.1615810456	9.854257292
1164	0.1615893489	9.854189006
1165	0.1613717052	9.84614089
1166	0.1612232927	9.839790877
1167	0.1612367372	9.838258742
1168	0.1612393043	9.838159126
1169	0.1612058495	9.834262502
1170	0.1612134639	9.834189078
1171	0.1612157635	9.834117366
1172	0.1612224972	9.834042905
1173	0.1612275069	9.833955325
1174	0.1612376303	9.833881901
1175	0.1612421692	9.833812728
1176	0.1611559395	9.827300309
1177	0.16115621	9.827200596
1178	0.1611512439	9.826611859
1179	0.1611602902	9.826541174
1180	0.1611744322	9.826384776
1181	0.1611958471	9.826271792
1182	0.1612016392	9.826201209
1183	0.1612103879	9.82604676
1184	0.1612315197	9.824583421
1185	0.1612433909	9.824532434
1186	0.1612602448	9.824370889
1187	0.1612536605	9.824267806
1188	0.1612596482	9.824206931
1189	0.1612652003	9.824146201
1190	0.1612706817	9.823988838
1191	0.1610109927	9.815097979
1192	0.1610029232	9.814998739
1193	0.1609750336	9.814513129
1194	0.160980139	9.814452815
1195	0.1609854968	9.814392576
1196	0.1609679712	9.811202072
1197	0.1609768311	9.81109657
1198	0.1609829323	9.811034298
1199	0.1609926841	9.810840059
1200	0.1609931511	9.81068796
1201	0.1609934242	9.810576631
1202	0.1610013829	9.81052826
1203	0.1607244256	9.794710847
1204	0.1607562792	9.793288155
1205	0.1607657874	9.793235649
1206	0.1607460043	9.792779583
1207	0.1607527505	9.7927128
1208	0.160692154	9.783952104
1209	0.1606998636	9.782570151
1210	0.1606021468	9.776072357
1211	0.1606145333	9.775997842
1212	0.1606256113	9.775935582
1213	0.1603266657	9.76562019
1214	0.1603104385	9.765087978
1215	0.1601362206	9.755656442
1216	0.1601347674	9.755497569
1217	0.1601486347	9.755452987
1218	0.1600236445	9.74260642
1219	0.1600186665	9.742273761
1220	0.1600258129	9.742198723
1221	0.1600378874	9.742002106
1222	0.1600493483	9.741958427
1223	0.1600598219	9.741898241
1224	0.1600669553	9.74181592
1225	0.1597351619	9.729426572
1226	0.1596358919	9.723156114
1227	0.1593064277	9.714903841
1228	0.1593185316	9.714713279
1229	0.1592279864	9.713699205
1230	0.1591629981	9.710376245
1231	0.1591708713	9.710149122
1232	0.1589948472	9.703974698
1233	0.1590046039	9.703909755
1234	0.159015147	9.703834025
1235	0.1590267364	9.703625026
1236	0.1590378082	9.703515301
1237	0.1590463607	9.703445091
1238	0.158991743	9.696713839
1239	0.1589993422	9.696656257
1240	0.1589419149	9.693036448
1241	0.1589527076	9.692971171
1242	0.1589633278	9.692737373
1243	0.158809687	9.68682377
1244	0.158813782	9.686654692
1245	0.1587981996	9.686447359
1246	0.1586678122	9.679536243
1247	0.1586378441	9.673280753
1248	0.1586647352	9.672563004
1249	0.1585851446	9.666479061
1250	0.158584782	9.666201387
1251	0.1585893375	9.66609625
1252	0.1585503962	9.660868037
1253	0.1585850475	9.660136168
1254	0.1586300361	9.65994191
1255	0.1586439048	9.659804344
1256	0.1586492469	9.659737749
1257	0.1586537206	9.659680092
1258	0.1586637328	9.659564316
1259	0.158670564	9.659504711
1260	0.1586758628	9.659447758
1261	0.1586729134	9.65935447
1262	0.1586726295	9.659300037
1263	0.1586191885	9.65867698
1264	0.1586071357	9.648930506
1265	0.1585280187	9.643107969
1266	0.1585319193	9.643048258
1267	0.1585530454	9.641806779
1268	0.1585625007	9.641581193
1269	0.1585549487	9.641137051
1270	0.1585713207	9.64015018
1271	0.1585823771	9.640098699
1272	0.1585954903	9.640020109
1273	0.1586032424	9.639957572
1274	0.1585963758	9.639802378
1275	0.1586058862	9.639746023
1276	0.1586426598	9.638560131
1277	0.1587423912	9.637284792
1278	0.1581109101	9.622433851
1279	0.1581097375	9.622289763
1280	0.1577457593	9.61210293
1281	0.1577505867	9.612037637
1282	0.1577948104	9.610910827
1283	0.1577928638	9.610846686
1284	0.157797033	9.610656316
1285	0.1576897281	9.603189474
1286	0.1577206389	9.602277864
1287	0.1577942252	9.601206212
1288	0.1577995127	9.601142453
1289	0.1578656421	9.599983163
1290	0.1578719342	9.599878892
1291	0.157879702	9.599819182
1292	0.1578843741	9.599766079
1293	0.1577724276	9.583978496
1294	0.1577970014	9.583882819
1295	0.1577993386	9.583830058
1296	0.1578025001	9.583766013
1297	0.1578025096	9.583705864
1298	0.1578069488	9.583658229
1299	0.1580359007	9.58264755
1300	0.158024795	9.582351986
1301	0.1580958895	9.581417988
1302	0.1584415138	9.580459295
1303	0.1584067995	9.580406913
1304	0.158378652	9.580172424
1305	0.1583802734	9.580122002
1306	0.158378945	9.579900745
1307	0.158277229	9.579518002
1308	0.1581883337	9.579114495
1309	0.1581921654	9.579075498
1310	0.158291031	9.577056545
1311	0.1582928682	9.57701717
1312	0.1589181644	9.576487595
1313	0.1588847097	9.576402548
1314	0.1588841515	9.576353452
1315	0.1603110821	9.575841799
1316	0.158952614	9.563472927
1317	0.1590282504	9.563416997
1318	0.1590219981	9.560811575
1319	0.1590071587	9.560759732
1320	0.1589209603	9.560669672
1321	nan	9.559620914
1322	0.1599590077	9.558707261
1323	nan	9.551834245
1324	nan	9.551784595
1325	nan	9.538181289
1326	nan	9.537777841
1327	nan	9.533373293
1328	nan	9.533329448
1329	nan	9.533003999
1330	nan	9.532633542
1331	nan	9.528527196
1332	nan	9.528265259
1333	nan	9.528180236
1334	nan	9.528141468
1335	nan	9.527843923
1336	nan	9.518134702
1337	nan	9.518096132
1338	nan	9.517837235
1339	nan	9.517459286
1340	nan	9.517404721
1341	nan	9.517351527
1342	nan	9.517197516
1343	nan	9.5171621
1344	nan	9.517125515
1345	nan	9.517086534
1346	nan	9.516670047
1347	nan	9.51079721
1348	nan	9.510757842
1349	nan	9.510711402
1350	nan	9.510673514
1351	nan	9.510178253
1352	nan	9.510132511
1353	nan	9.51008304
1354	nan	9.510030287
1355	nan	9.509988243
1356	nan	9.504947334
1357	nan	9.50410476
1358	nan	9.504055683
1359	nan	9.504004691
1360	nan	9.503920724
1361	nan	9.503669799
1362	nan	9.503633017
1363	nan	9.502987221
1364	nan	9.502950621
1365	nan	9.502903151
1366	nan	9.502191545
1367	nan	9.497415764
1368	nan	9.496865197
1369	nan	9.496612155
1370	nan	9.496108832
1371	nan	9.496039419
1372	nan	9.495989426
1373	nan	9.495946843
1374	nan	9.495859428
1375	nan	9.488678998
1376	nan	9.488626437
1377	nan	9.488577773
1378	nan	9.4884626
1379	nan	9.487761607
1380	nan	9.487545012
1381	nan	9.487501225
1382	nan	9.487466285
1383	nan	9.487415408
1384	nan	9.487331565
1385	nan	9.487291303
1386	nan	9.487246763
1387	nan	9.479211074
1388	nan	9.479169926
1389	nan	9.479089239
1390	nan	9.479041576
1391	nan	9.478997965
1392	nan	9.478744096
1393	nan	9.474749113
1394	nan	9.474574905
1395	nan	9.474522663
1396	nan	9.474449598
1397	nan	9.474404204
1398	nan	9.474361433
1399	nan	9.474109579
1400	nan	9.474064665
1401	nan	9.473984235
1402	nan	9.4739379
1403	nan	9.4639
1404	nan	9.463857599
1405	nan	9.463218657
1406	nan	9.463186656
1407	nan	9.463140082
1408	nan	9.463096189
1409	nan	9.463051436
1410	nan	9.463017601
1411	nan	9.462979854
1412	nan	9.462938213
1413	nan	9.462896318
1414	nan	9.46196915
1415	nan	9.461770199
1416	nan	9.460895285
1417	nan	9.460862287
1418	nan	9.460829295
1419	nan	9.460724524
1420	nan	9.460645586
1421	nan	9.460085136
1422	nan	9.459846742
1423	nan	9.459785668
1424	nan	9.459752557
1425	nan	9.449657002
1426	nan	9.449574799
1427	nan	9.449143185
1428	nan	9.448903711
1429	nan	9.448645754
1430	nan	9.448605044
1431	nan	9.448430223
1432	nan	9.448379993
1433	nan	9.448338772
1434	nan	9.448287625
1435	nan	9.447731796
1436	nan	9.447666638
1437	nan	9.447214705
1438	nan	9.445296834
1439	nan	9.445166379
1440	nan	9.445133964
1441	nan	9.44503059
1442	nan	9.441703897
1443	nan	9.441284201
1444	nan	9.440652669
1445	nan	9.440620821
1446	nan	9.440584029
1447	nan	9.439676931
1448	nan	9.439479645
1449	nan	9.428640782
1450	nan	9.425718753
1451	nan	9.415609447
1452	nan	9.415565236
1453	nan	9.414294723
1454	nan	9.40259818
1455	nan	9.402207718
1456	nan	9.401651956
1457	nan	9.395264513
1458	nan	9.39518627
1459	nan	9.394836276
1460	nan	9.394790672
1461	nan	9.394681775
1462	nan	9.394633357
1463	nan	9.394595502
1464	nan	9.394371223
1465	nan	9.3939943
1466	nan	9.393815866
1467	nan	9.389436153
1468	nan	9.389118046
1469	nan	9.389072841
1470	nan	9.383670529
1471	nan	9.383579077
1472	nan	9.383419156
1473	nan	9.383308426
1474	nan	9.383006123
1475	nan	9.382908383
1476	nan	9.382837614
1477	nan	9.382809374
1478	nan	9.382767437
1479	nan	9.382618172
1480	nan	9.382448263
1481	nan	9.382279484
1482	nan	9.379130129
1483	nan	9.379037281
1484	nan	9.378986646
1485	nan	9.378817153
1486	nan	9.378773951
1487	nan	9.378735416
1488	nan	9.378698357
1489	nan	9.378532853
1490	nan	9.378308118
1491	nan	9.378257
1492	nan	9.378182721
1493	nan	9.37806458
1494	nan	9.377882244
1495	nan	9.37676558
1496	nan	9.376146429
1497	nan	9.375529127
1498	nan	9.375480007
1499	nan	9.375305116
1500	nan	9.375277952
1501	nan	9.375248519
1502	nan	9.375098662
1503	nan	9.37501109
1504	nan	9.374880526
1505	nan	9.374737852
1506	nan	9.374620075
1507	nan	9.374532385
1508	nan	9.37449272
1509	nan	9.374283864
1510	nan	9.374192751
1511	nan	9.374029519
1512	nan	9.373871723
1513	nan	9.373785661
1514	nan	9.373631313
1515	nan	9.373600947
1516	nan	9.373562359
1517	nan	9.372490341
1518	nan	9.365670498
1519	nan	9.359693208
1520	nan	9.359343603
1521	nan	9.359075874
1522	nan	9.354957416
1523	nan	9.354868494
1524	nan	9.354708948
1525	nan	9.353673426
1526	nan	9.353646906
1527	nan	9.353494455
1528	nan	9.353146422
1529	nan	9.353109566
1530	nan	9.353079367
1531	nan	9.35291398
1532	nan	9.352868541
1533	nan	9.352724203
1534	nan	9.352696213
1535	nan	9.352663115
1536	nan	9.345860075
1537	nan	9.345830235
1538	nan	9.345796927
1539	nan	9.345764562
1540	nan	9.334178558
1541	nan	9.329768382
1542	nan	9.320811135
1543	nan	9.320361253
1544	nan	9.318668911
1545	nan	9.318640405
1546	nan	9.317629215
1547	nan	9.3170074
1548	nan	9.316977486
1549	nan	9.316488011
1550	nan	9.31634242
1551	nan	9.315750169
1552	nan	9.315721506
1553	nan	9.315424889
1554	nan	9.315392128
1555	nan	9.315356756
1556	nan	9.314962763
1557	nan	9.3149215
1558	nan	9.314890036
1559	nan	9.314496672
1560	nan	9.314022757
1561	nan	9.313327488
1562	nan	9.306996771
1563	nan	9.306959879
1564	nan	9.30693503
1565	nan	9.30690908
1566	nan	9.30688102
1567	nan	9.301086941
1568	nan	9.299177383
1569	nan	9.299144708
1570	nan	9.299096234
1571	nan	9.299061423
1572	nan	9.298981555
1573	nan	9.298017684
1574	nan	9.2978707
1575	nan	9.297607561
1576	nan	9.297489391
1577	nan	9.297339667
1578	nan	9.297313682
1579	nan	9.297287223
1580	nan	9.297257695
1581	nan	9.297131353
1582	nan	9.297098307
1583	nan	9.294740256
1584	nan	9.293533769
1585	nan	9.293494005
1586	nan	9.293459936
1587	nan	9.293219341
1588	nan	9.293186511
1589	nan	9.289415159
1590	nan	9.289380476
1591	nan	9.289300537
1592	nan	9.289270496
1593	nan	9.289128356
1594	nan	9.288862748
1595	nan	9.288832238
1596	nan	9.288800828
1597	nan	9.286004801
1598	nan	9.274611092
1599	nan	9.274485516
1600	nan	9.274454011
1601	nan	9.27417605
1602	nan	9.274143031
1603	nan	9.27411462
1604	nan	9.273533194
1605	nan	9.273283781
1606	nan	9.273232764
1607	nan	9.273159378
1608	nan	9.273127391
1609	nan	9.273091656
1610	nan	9.273068521
1611	nan	9.27303572
1612	nan	9.269016444
1613	nan	9.268979992
1614	nan	9.268946723
1615	nan	9.268534023
1616	nan	9.259803998
1617	nan	9.259399567
1618	nan	9.259367483
1619	nan	9.259244016
1620	nan	9.259208901
1621	nan	9.25914802
1622	nan	9.258975442
1623	nan	9.25855796
1624	nan	9.258526641
1625	nan	9.252544725
1626	nan	9.25214651
1627	nan	9.252115007
1628	nan	9.251661671
1629	nan	9.244918759
1630	nan	9.237691716
1631	nan	9.237657686
1632	nan	9.231562393
1633	nan	9.231532897
1634	nan	9.23113083
1635	nan	9.231034768
1636	nan	9.230625562
1637	nan	9.225633548
1638	nan	9.22550561
1639	nan	9.225355354
1640	nan	9.225277024
1641	nan	9.225242025
1642	nan	9.225151148
1643	nan	9.224237243
1644	nan	9.223750147
1645	nan	9.223573412
1646	nan	9.223542972
1647	nan	9.217329696
1648	nan	9.217300993
1649	nan	9.20867651
1650	nan	9.208646992
1651	nan	9.207535744
1652	nan	9.207198604
1653	nan	9.207176207
1654	nan	9.206888338
1655	nan	9.20219023
1656	nan	9.20171914
1657	nan	9.198747801
1658	nan	9.198433886
1659	nan	9.198304143
1660	nan	9.197424722
1661	nan	9.186726228
1662	nan	9.186268793
1663	nan	9.186002617
1664	nan	9.185774722
1665	nan	9.185744772
1666	nan	9.185720081
1667	nan	9.185525114
1668	nan	9.184668318
1669	nan	9.184638719
1670	nan	9.176774897
1671	nan	9.176736935
1672	nan	9.176477412
1673	nan	9.174669072
1674	nan	9.174619582
1675	nan	9.174235838
1676	nan	9.17420916
1677	nan	9.174181139
1678	nan	9.174160659
1679	nan	9.167658976
1680	nan	9.167441604
1681	nan	9.167419354
1682	nan	9.167398847
1683	nan	9.167269497
1684	nan	9.16238958
1685	nan	9.162147566
1686	nan	9.161952633
1687	nan	9.161923744
1688	nan	9.161899509
1689	nan	9.156426182
1690	nan	9.149297497
1691	nan	9.149106584
1692	nan	9.145990013
1693	nan	9.145874567
1694	nan	9.145843726
1695	nan	9.139270925
1696	nan	9.139238298
1697	nan	9.131387663
1698	nan	9.130976256
1699	nan	9.130942261
1700	nan	9.120810061
1701	nan	9.120762345
1702	nan	9.120739608
1703	nan	9.120718355
1704	nan	9.120669072
1705	nan	9.120643108
1706	nan	9.120616226
1707	nan	9.120147182
1708	nan	9.120121039
1709	nan	9.120093403
1710	nan	9.117822275
1711	nan	9.110549487
1712	nan	9.110123239
1713	nan	9.110099576
1714	nan	9.109991142
1715	nan	9.109964646
1716	nan	9.109941909
1717	nan	9.109507612
1718	nan	9.108912598
1719	nan	9.10878409
1720	nan	9.108446062
1721	nan	9.108320745
1722	nan	9.108129311
1723	nan	9.10796039
1724	nan	9.107146031
1725	nan	9.106949855
1726	nan	9.106838779
1727	nan	9.106807456
1728	nan	9.106780365
1729	nan	9.106705917
1730	nan	9.101312183
1731	nan	9.101274491
1732	nan	9.101239882
1733	nan	9.100866917
1734	nan	9.100697949
1735	nan	9.099906197
1736	nan	9.09966419
1737	nan	9.099616094
1738	nan	9.099501565
1739	nan	9.09938863
1740	nan	9.099326812
1741	nan	9.099203951
1742	nan	9.099181699
1743	nan	9.099156651
1744	nan	9.099135214
1745	nan	9.098804412
1746	nan	9.098783992
1747	nan	9.09875578
1748	nan	9.093260788
1749	nan	9.093236366
1750	nan	9.093078051
1751	nan	9.092308998
1752	nan	9.090684272
1753	nan	9.090574549
1754	nan	9.090264329
1755	nan	9.090110796
1756	nan	9.089951328
1757	nan	9.088418789
1758	nan	9.088397628
1759	nan	9.088372616
1760	nan	9.088341456
1761	nan	9.087976311
1762	nan	9.087770743
1763	nan	9.087741637
1764	nan	9.084127526
1765	nan	9.08376021
1766	nan	9.083591986
1767	nan	9.083243487
1768	nan	9.083215644
1769	nan	9.083170576
1770	nan	9.083145397
1771	nan	9.08312356
1772	nan	9.082807216
1773	nan	9.082785697
1774	nan	9.082597983
1775	nan	9.082570789
1776	nan	9.077959036
1777	nan	9.077219059
1778	nan	9.076678908
1779	nan	9.076509119
1780	nan	9.076436876
1781	nan	9.075840632
1782	nan	9.075811464
1783	nan	9.075783536
1784	nan	9.075305184
1785	nan	9.07527668
1786	nan	9.075241768
1787	nan	9.075216499
1788	nan	9.069357234
1789	nan	9.06652015
1790	nan	9.058018719
1791	nan	9.057994009
1792	nan	9.057969987
1793	nan	9.057764304
1794	nan	9.053476917
1795	nan	9.048254976
1796	nan	9.04822523
1797	nan	9.048032087
1798	nan	9.047999408
1799	nan	9.047286619
